Date,Close/Last,Volume,Open,High,Low
07/27/2026,$12.13,297547,$11.92,$13.08,$11.61
07/24/2026,$11.16,127881,$10.60,$11.20,$10.24
07/23/2026,$10.68,115645,$11.11,$11.11,$10.45
07/22/2026,$11.13,130000,$11.05,$11.49,$10.995
07/21/2026,$11.11,202124,$10.55,$11.9367,$10.55
07/20/2026,$10.87,205551,$11.27,$11.57,$10.535
07/17/2026,$11.62,286516,$11.81,$12.08,$10.98
07/16/2026,$12.08,201249,$13.03,$13.64,$11.89
07/15/2026,$13.03,170011,$13.37,$13.68,$12.91
07/14/2026,$13.72,282074,$12.72,$14.9899,$12.655
07/13/2026,$12.60,231509,$13.98,$14.20,$12.54
07/10/2026,$14.11,144724,$13.84,$14.6099,$13.53
07/09/2026,$14.24,228237,$15.03,$15.03,$13.60
07/08/2026,$15.165,122186,$14.61,$15.41,$14.61
07/07/2026,$15.37,229246,$15.68,$15.925,$14.3701
07/06/2026,$16.05,209179,$17.10,$17.10,$15.94
07/02/2026,$17.19,293551,$17.53,$18.77,$16.98
07/01/2026,$18.08,285257,$17.00,$18.59,$17.00
06/30/2026,$17.11,422704,$16.22,$17.53,$15.08
06/29/2026,$15.61,558452,$17.58,$17.79,$15.20
06/26/2026,$18.23,1104959,$17.77,$18.9999,$16.49
06/25/2026,$18.09,345161,$18.81,$20.00,$18.08
06/24/2026,$18.81,247410,$19.72,$20.72,$18.81
06/23/2026,$19.98,144869,$19.00,$20.14,$18.58
06/22/2026,$19.53,195656,$19.15,$20.00,$18.62
06/18/2026,$20.03,193574,$19.30,$20.30,$18.52
06/17/2026,$20.35,400104,$22.50,$23.79,$19.90
06/16/2026,$21.97,428086,$18.82,$22.09,$18.705
06/15/2026,$19.18,392764,$20.95,$21.13,$17.80
06/12/2026,$21.37,511221,$20.82,$24.70,$19.43
06/11/2026,$21.22,476078,$20.09,$22.45,$19.60
06/10/2026,$20.09,413041,$19.36,$21.40,$18.6382
06/09/2026,$19.18,2563056,$21.76,$23.09,$18.50
06/08/2026,$18.27,748086,$18.04,$20.62,$17.82
06/05/2026,$22.17,9366691,$16.31,$30.8999,$15.51
06/04/2026,$16.34,521224,$13.70,$17.78,$13.63
06/03/2026,$13.75,206064,$14.28,$15.48,$13.63
06/02/2026,$14.81,362868,$13.43,$16.81,$13.11
06/01/2026,$13.95,292854,$13.98,$14.3999,$13.22
05/29/2026,$14.84,233380,$15.63,$16.76,$14.58
05/28/2026,$15.78,257455,$15.00,$16.17,$14.81
05/27/2026,$15.54,372544,$18.25,$18.4299,$15.50
05/26/2026,$19.54,347526,$18.07,$20.10,$16.30
05/22/2026,$18.505,165232,$19.15,$19.58,$18.43
05/21/2026,$19.21,175293,$18.87,$19.99,$18.70
05/20/2026,$19.52,315133,$19.50,$19.75,$17.80
05/19/2026,$19.90,228512,$20.00,$20.83,$19.33
05/18/2026,$20.96,435894,$22.675,$22.675,$20.0575
05/15/2026,$22.34,180965,$22.93,$23.08,$21.00
05/14/2026,$23.16,159844,$24.03,$24.45,$23.1092
05/13/2026,$24.87,238004,$23.61,$24.87,$22.63
05/12/2026,$23.80,374776,$24.42,$26.84,$22.865
05/11/2026,$23.56,709576,$24.22,$25.26,$21.83
05/08/2026,$22.26,261676,$22.10,$23.5776,$21.61
05/07/2026,$22.11,231105,$23.11,$23.61,$22.04
05/06/2026,$23.62,472237,$21.87,$25.045,$21.49
05/05/2026,$22.62,402471,$23.26,$23.28,$21.2001
05/04/2026,$23.47,446228,$26.60,$26.62,$23.45
05/01/2026,$26.85,298887,$28.17,$28.8599,$26.715
04/30/2026,$28.125,360991,$28.28,$29.9999,$27.78
04/29/2026,$27.68,351780,$28.16,$28.23,$26.51
04/28/2026,$27.82,304094,$27.12,$29.787,$26.82
04/27/2026,$28.27,387190,$27.97,$28.46,$26.0301
04/24/2026,$30.02,397511,$30.04,$30.47,$28.202
04/23/2026,$31.30,572427,$32.49,$32.76,$30.1801
04/22/2026,$33.67,1677481,$34.20,$35.24,$32.75
04/21/2026,$32.69,815914,$34.69,$34.759,$30.58
04/20/2026,$34.87,386288,$35.73,$37.47,$34.32
04/17/2026,$38.01,942591,$37.32,$38.03,$34.175
04/16/2026,$39.20,3167120,$48.52,$49.39,$32.5801
04/15/2026,$56.95,1507126,$54.82,$57.87,$52.6616
04/14/2026,$52.70,505634,$54.07,$56.1385,$51.42
04/13/2026,$50.95,909775,$43.71,$54.09,$43.71
04/10/2026,$42.06,203581,$42.70,$44.255,$42.01
04/09/2026,$42.58,358491,$40.80,$44.44,$39.29
04/08/2026,$40.66,417265,$42.35,$46.76,$40.66
04/07/2026,$42.89,446457,$43.07,$43.46,$40.61
04/06/2026,$44.02,509351,$41.50,$46.00,$41.50
04/02/2026,$41.66,533004,$36.82,$42.51,$36.82
04/01/2026,$37.66,218919,$36.79,$37.73,$36.00
03/31/2026,$37.90,694517,$36.71,$38.79,$34.89
03/30/2026,$34.20,225344,$36.15,$36.675,$33.7702
03/27/2026,$36.11,255267,$37.53,$37.865,$36.065
03/26/2026,$38.22,304188,$38.26,$39.4628,$37.28
03/25/2026,$41.48,460588,$37.13,$41.75,$37.09
03/24/2026,$37.01,355143,$38.60,$39.23,$35.70
03/23/2026,$39.48,305125,$39.10,$40.35,$38.50
03/20/2026,$40.55,656635,$42.02,$43.11,$38.21
03/19/2026,$41.18,401269,$41.40,$42.80,$40.70
03/18/2026,$43.47,937759,$42.32,$45.59,$41.05
03/17/2026,$40.53,765537,$37.32,$41.14,$36.31
03/16/2026,$37.41,502962,$37.15,$37.835,$35.25
03/13/2026,$38.30,470607,$37.75,$38.50,$36.50
03/12/2026,$37.37,787718,$39.23,$40.10,$37.37
03/11/2026,$35.93,1643440,$35.23,$41.00,$33.65
03/10/2026,$36.74,1431616,$38.46,$40.31,$35.18
03/09/2026,$41.95,1492349,$47.765,$47.95,$40.21
03/06/2026,$56.27,3050279,$50.73,$60.00,$50.73
03/05/2026,$48.51,1302231,$47.435,$50.58,$45.24
03/04/2026,$46.72,1936472,$48.66,$51.64,$44.66
03/03/2026,$42.67,2182123,$34.92,$43.99,$34.83
03/02/2026,$36.69,2241077,$32.56,$40.87,$31.552
02/27/2026,$35.68,3205310,$27.35,$35.693,$27.35
02/26/2026,$26.21,817130,$27.40,$28.8882,$25.67
02/25/2026,$29.55,3607216,$31.00,$31.5899,$26.03
02/24/2026,$28.20,4743921,$21.20,$29.00,$20.72
02/23/2026,$20.11,1214855,$20.00,$21.80,$19.41
02/20/2026,$19.00,326157,$18.95,$19.19,$18.50
02/19/2026,$19.13,528177,$18.81,$20.0918,$18.05
02/18/2026,$18.72,580899,$18.81,$19.82,$18.6112
02/17/2026,$18.82,640731,$19.81,$19.91,$18.18
02/13/2026,$20.92,979831,$20.55,$22.6999,$19.82
02/12/2026,$21.42,2748423,$18.01,$25.25,$16.25
02/11/2026,$17.61,1210242,$20.75,$20.76,$17.2508
02/10/2026,$21.51,1035664,$22.435,$22.54,$20.70
02/09/2026,$23.39,1839608,$21.62,$25.2999,$20.63
02/06/2026,$22.45,1641782,$22.36,$23.90,$20.58
02/05/2026,$23.89,11566180,$27.77,$30.70,$23.25
02/04/2026,$22.27,1052932,$23.53,$24.84,$21.79
02/03/2026,$23.32,1354886,$24.30,$26.49,$22.51
02/02/2026,$23.32,4058598,$24.37,$29.93,$22.56
01/30/2026,$24.75,9334739,$31.56,$34.98,$21.71
01/29/2026,$52.63,9187601,$63.69,$68.88,$50.24
01/28/2026,$63.00,14282150,$52.735,$86.28,$51.5375
01/27/2026,$52.00,7859498,$39.74,$57.45,$37.00
01/26/2026,$62.08,33526090,$55.155,$67.63,$26.33
01/23/2026,$16.48,43664020,$10.51,$18.30,$10.4043
01/22/2026,$8.66,2039793,$8.21,$9.40,$7.93
01/21/2026,$8.70,48526160,$9.06,$11.38,$7.81
01/20/2026,$6.15,1285914,$6.09,$7.20,$5.70
01/16/2026,$6.35,4451791,$6.91,$7.43,$5.69
01/15/2026,$5.71,2686476,$5.60,$6.1224,$4.77
01/14/2026,$5.80,46841270,$3.93,$6.75,$3.88
01/13/2026,$3.61,602030,$3.33,$3.78,$3.33
01/12/2026,$3.30,477973,$3.51,$3.5271,$3.20
01/09/2026,$3.58,900727,$3.86,$3.955,$3.44
01/08/2026,$3.82,794760,$3.89,$4.231,$3.75
01/07/2026,$3.76,1502955,$4.50,$4.80,$3.76
01/06/2026,$4.67,16149990,$4.165,$4.9099,$4.07
01/05/2026,$3.62,3807409,$3.87,$4.00,$3.30
01/02/2026,$3.77,97585030,$2.50,$4.25,$2.50
12/31/2025,$2.32,4821628,$2.21,$2.67,$2.20
12/30/2025,$2.13,5350100,$2.54,$2.7299,$2.03
12/29/2025,$2.505,150430000,$1.78,$2.91,$1.77
12/26/2025,$1.20,150481,$1.37,$1.3801,$1.18
12/24/2025,$1.39,40319,$1.38,$1.4394,$1.32
12/23/2025,$1.39,204392,$1.57,$1.68,$1.39
12/22/2025,$1.58,154371,$1.78,$1.8841,$1.58
12/19/2025,$1.73,87105,$1.65,$1.79,$1.63
12/18/2025,$1.72,325732,$1.59,$1.88,$1.5599
12/17/2025,$1.53,301469,$1.53,$1.63,$1.48
12/16/2025,$1.73,333046,$2.12,$2.2445,$1.6563
12/15/2025,$2.11,281227,$2.48,$2.62,$2.10
12/12/2025,$2.58,242561,$2.74,$2.98,$2.50
12/11/2025,$2.84,81682,$2.90,$3.05,$2.7695
12/10/2025,$2.95,68768,$2.995,$3.20,$2.95
12/09/2025,$3.078,127881,$2.80,$3.164,$2.73
12/08/2025,$2.85,199162,$2.681,$2.876,$2.561
12/05/2025,$2.651,153766,$2.843,$2.88,$2.65
12/04/2025,$2.823,288210,$3.188,$3.216,$2.596
12/03/2025,$3.309,106563,$3.20,$3.348,$3.20
12/02/2025,$3.202,434425,$3.40,$4.45,$3.20
12/01/2025,$3.586,99316,$3.779,$3.846,$3.503
11/28/2025,$3.943,50739,$3.748,$4.10,$3.70
11/26/2025,$3.78,88152,$3.65,$4.00,$3.601
11/25/2025,$3.73,49764,$3.79,$3.869,$3.70
11/24/2025,$3.897,89443,$3.739,$3.899,$3.605
11/21/2025,$3.716,162614,$3.498,$3.718,$3.351
11/20/2025,$3.584,164438,$3.70,$3.741,$3.45
11/19/2025,$3.799,119658,$3.799,$3.799,$3.601
11/18/2025,$4.00,115374,$3.66,$4.00,$3.596
11/17/2025,$3.90,267889,$4.35,$4.368,$3.614
11/14/2025,$4.106,430907,$3.792,$4.32,$3.582
11/13/2025,$3.73,293442,$3.80,$3.892,$3.635
11/12/2025,$4.055,361749,$4.086,$4.339,$4.021
11/11/2025,$4.118,1077416,$3.977,$4.399,$3.583
11/10/2025,$4.811,47854610,$5.87,$8.4749,$4.618
11/07/2025,$3.746,60523,$3.80,$3.847,$3.454
11/06/2025,$3.841,71362,$3.80,$3.967,$3.80
11/05/2025,$3.967,69405,$4.231,$4.24,$3.80
11/04/2025,$4.24,61393,$4.315,$4.513,$4.149
11/03/2025,$4.649,87195,$4.463,$4.80,$4.463
10/31/2025,$4.46,52688,$4.45,$4.59,$4.30
10/30/2025,$4.45,88903,$4.578,$4.60,$4.305
10/29/2025,$4.609,100125,$4.90,$5.11,$4.506
10/28/2025,$4.977,103406,$5.04,$5.185,$4.85
10/27/2025,$5.126,375284,$4.60,$5.675,$4.50
10/24/2025,$4.45,63007,$4.31,$4.68,$4.217
10/23/2025,$4.442,70010,$4.21,$4.534,$4.21
10/22/2025,$4.42,78835,$4.50,$4.748,$4.251
10/21/2025,$4.694,127880,$5.02,$5.167,$4.61
10/20/2025,$5.15,302705,$4.40,$5.333,$4.376
10/17/2025,$4.37,79478,$4.069,$4.39,$4.00
10/16/2025,$4.142,255198,$4.151,$4.60,$4.056
10/15/2025,$4.191,322100,$4.985,$5.489,$4.022
10/14/2025,$4.971,244783,$4.74,$5.50,$4.451
10/13/2025,$5.338,381976,$5.70,$6.50,$5.10
10/10/2025,$5.701,973888,$5.526,$6.88,$5.429
10/09/2025,$5.276,456866,$5.75,$6.173,$5.029
10/08/2025,$5.847,656138,$6.95,$6.999,$5.611
10/07/2025,$6.91,13561710,$5.089,$9.448,$4.911
10/06/2025,$5.041,1004111,$5.40,$5.449,$4.19
10/03/2025,$6.015,20810270,$4.972,$6.90,$4.71
10/02/2025,$3.55,1059117,$3.32,$3.58,$3.03
10/01/2025,$3.29,2190269,$2.852,$3.441,$2.814
09/30/2025,$2.94,25924,$3.00,$3.00,$2.864
09/29/2025,$2.97,67223,$2.987,$3.05,$2.868
09/26/2025,$2.987,75883,$2.98,$3.10,$2.91
09/25/2025,$2.929,30689,$2.90,$2.994,$2.90
09/24/2025,$2.911,69777,$3.10,$3.10,$2.90
09/23/2025,$3.002,40104,$3.00,$3.15,$2.936
09/22/2025,$3.071,45758,$3.00,$3.158,$3.00
09/19/2025,$3.029,73573,$3.088,$3.129,$2.90
09/18/2025,$3.13,84997,$3.24,$3.32,$3.006
09/17/2025,$3.173,77068,$3.098,$3.25,$3.02
09/16/2025,$3.115,23819,$3.041,$3.142,$2.896
09/15/2025,$3.094,21492,$3.052,$3.096,$2.915
09/12/2025,$2.978,16179,$2.978,$3.00,$2.915
09/11/2025,$2.979,30848,$2.92,$3.00,$2.92
09/10/2025,$2.978,37041,$3.045,$3.076,$2.90
09/09/2025,$3.09,26351,$2.92,$3.20,$2.90
09/08/2025,$3.05,28908,$3.18,$3.1967,$2.952
09/05/2025,$3.092,5220,$3.11,$3.146,$3.025
09/04/2025,$3.186,29422,$3.081,$3.186,$2.95
09/03/2025,$3.029,21400,$3.02,$3.10,$3.00
09/02/2025,$3.021,31422,$3.198,$3.198,$2.915
08/29/2025,$3.079,34234,$3.10,$3.135,$3.00
08/28/2025,$3.135,14118,$3.107,$3.20,$3.032
08/27/2025,$3.066,26630,$3.20,$3.20,$3.034
08/26/2025,$3.13,42582,$3.13,$3.148,$3.06
08/25/2025,$3.158,15768,$3.19,$3.20,$3.10
08/22/2025,$3.166,15111,$3.04,$3.166,$3.04
08/21/2025,$3.117,21802,$3.085,$3.13,$3.063
08/20/2025,$3.118,19097,$3.019,$3.139,$2.99
08/19/2025,$3.096,9360,$3.281,$3.30,$3.058
08/18/2025,$3.121,35675,$3.20,$3.20,$3.058
08/15/2025,$3.118,18242,$3.053,$3.15,$3.002
08/14/2025,$3.049,32237,$3.133,$3.133,$3.003
08/13/2025,$3.11,29530,$3.20,$3.20,$3.021
08/12/2025,$3.19,25159,$3.10,$3.20,$3.066
08/11/2025,$3.17,17505,$3.207,$3.22,$3.00
08/08/2025,$3.188,34714,$3.20,$3.229,$3.00
08/07/2025,$3.199,33769,$3.40,$3.40,$3.115
08/06/2025,$3.30,55193,$3.359,$3.40,$3.20
08/05/2025,$3.364,7903,$3.40,$3.40,$3.30
08/04/2025,$3.40,38227,$3.40,$3.599,$3.238
08/01/2025,$3.39,50212,$3.35,$3.515,$3.248
07/31/2025,$3.351,30652,$3.44,$3.499,$3.238
07/30/2025,$3.518,29549,$3.50,$3.529,$3.28
07/29/2025,$3.434,59521,$3.70,$3.70,$3.231
07/28/2025,$3.638,71755,$3.448,$3.668,$3.35
07/25/2025,$3.40,77802,$3.20,$3.448,$3.13
07/24/2025,$3.22,55448,$3.30,$3.31,$3.185
07/23/2025,$3.322,47925,$3.29,$3.399,$3.164
07/22/2025,$3.22,72684,$3.234,$3.35,$3.025
07/21/2025,$3.30,135132,$3.111,$3.4501,$3.111
07/18/2025,$3.09,109092,$3.26,$3.40,$2.99
07/17/2025,$3.25,49408,$3.31,$3.49,$3.209
07/16/2025,$3.38,49498,$3.21,$3.38,$3.20
07/15/2025,$3.34,59739,$3.40,$3.459,$3.255
07/14/2025,$3.519,29663,$3.36,$3.61,$3.33
07/11/2025,$3.503,44565,$3.60,$3.70,$3.40
07/10/2025,$3.70,47829,$3.644,$3.798,$3.50
07/09/2025,$3.599,33941,$3.70,$3.898,$3.516
07/08/2025,$3.661,24143,$3.80,$3.871,$3.655
07/07/2025,$3.89,104587,$3.968,$4.249,$3.40
07/03/2025,$4.03,79967,$4.20,$4.45,$4.03
07/02/2025,$4.04,38522,$3.91,$4.20,$3.85
07/01/2025,$4.03,147214,$4.30,$4.60,$3.95
06/30/2025,$4.40,267789,$3.80,$4.444,$3.773
06/27/2025,$3.773,156182,$3.535,$3.90,$3.493
06/26/2025,$3.52,80587,$3.186,$3.78,$3.1785
06/25/2025,$3.277,53288,$2.909,$3.446,$2.909
06/24/2025,$3.10,41488,$3.20,$3.20,$2.85
06/23/2025,$2.89,111114,$3.10,$3.10,$2.60
06/20/2025,$2.81,50348,$2.94,$3.073,$2.806
06/18/2025,$2.866,131018,$3.157,$3.358,$2.40
06/17/2025,$3.359,63403,$3.264,$3.50,$3.202
06/16/2025,$3.439,135593,$3.77,$4.00,$3.315
06/13/2025,$3.77,127725,$3.639,$4.10,$3.451
06/12/2025,$3.556,140626,$3.752,$4.007,$3.51
06/11/2025,$3.968,303970,$4.552,$4.661,$3.652
06/10/2025,$4.82,639667,$5.00,$5.199,$4.404
06/09/2025,$5.282,352098,$5.769,$5.769,$5.00
06/06/2025,$5.70,4676339,$5.00,$7.559,$4.80
06/05/2025,$4.62,707760,$4.30,$5.40,$4.21
06/04/2025,$4.336,456361,$3.94,$4.688,$3.85
06/03/2025,$4.176,781827,$4.14,$4.80,$3.982
06/02/2025,$4.90,25496550,$4.552,$5.611,$3.606
05/30/2025,$2.79,5749351,$2.50,$3.30,$2.41
05/29/2025,$2.47,19371,$2.50,$2.563,$2.451
05/28/2025,$2.499,22532,$2.501,$2.587,$2.402
05/27/2025,$2.498,32163,$2.589,$2.726,$2.43
05/23/2025,$2.59,16536,$2.68,$2.689,$2.43
05/22/2025,$2.581,69015,$2.98,$2.99,$2.306
05/21/2025,$2.884,34324,$2.93,$3.15,$2.701
05/20/2025,$2.90,32877,$2.90,$2.999,$2.81
05/19/2025,$2.944,10761,$2.972,$3.0095,$2.85
05/16/2025,$2.94,14197,$2.999,$3.148,$2.80
05/15/2025,$2.986,17454,$2.92,$3.099,$2.92
05/14/2025,$2.999,15424,$3.10,$3.10,$2.90
05/13/2025,$3.00,8447,$2.947,$3.09,$2.947
05/12/2025,$2.947,38418,$3.098,$3.177,$2.752
05/09/2025,$3.177,8342,$3.25,$3.25,$3.005
05/08/2025,$3.148,8005,$2.91,$3.25,$2.91
05/07/2025,$2.90,12502,$3.00,$3.075,$2.814
05/06/2025,$3.005,29686,$3.289,$3.40,$2.80
05/05/2025,$3.40,4083,$3.40,$3.489,$3.30
05/02/2025,$3.49,29825,$3.60,$3.79,$3.30
05/01/2025,$3.60,23299,$3.60,$3.68,$3.35
04/30/2025,$3.59,15320,$3.513,$3.72,$3.513
04/29/2025,$3.63,3562,$3.54,$3.65,$3.513
04/28/2025,$3.65,64693,$3.706,$3.82,$3.249
04/25/2025,$3.61,16398,$3.50,$3.70,$3.50
04/24/2025,$3.60,64580,$3.40,$3.896,$3.40
04/23/2025,$3.59,18119,$3.65,$3.65,$3.418
04/22/2025,$3.383,6355,$3.487,$3.50,$3.364
04/21/2025,$3.50,19870,$3.467,$3.55,$3.328
04/17/2025,$3.467,9517,$3.50,$3.50,$3.221
04/16/2025,$3.443,47876,$3.30,$3.50,$3.035
04/15/2025,$3.142,13897,$3.143,$3.381,$3.00
04/14/2025,$3.24,16517,$3.359,$3.359,$3.04
04/11/2025,$3.152,37110,$2.90,$3.305,$2.80
04/10/2025,$2.895,8726,$3.018,$3.059,$2.80
04/09/2025,$3.111,17821,$2.80,$3.30,$2.80
04/08/2025,$2.784,25466,$3.10,$3.146,$2.70
04/07/2025,$3.094,42644,$3.017,$3.199,$2.605
04/04/2025,$3.11,141732,$3.04,$3.38,$3.00
04/03/2025,$3.00,16834,$3.151,$3.34,$3.00
04/02/2025,$3.345,14016,$3.288,$3.454,$3.174
04/01/2025,$3.39,26069,$3.47,$3.535,$3.177
03/31/2025,$3.44,14314,$3.70,$3.70,$3.339
03/28/2025,$3.70,17573,$3.655,$3.80,$3.601
03/27/2025,$3.83,80460,$3.90,$3.996,$3.63
03/26/2025,$3.813,12723,$3.821,$3.98,$3.802
03/25/2025,$3.821,12214,$3.802,$3.956,$3.802
03/24/2025,$3.802,46435,$4.00,$4.20,$3.79
03/21/2025,$3.904,24858,$3.80,$3.904,$3.79
03/20/2025,$3.80,15725,$3.90,$4.17,$3.79
03/19/2025,$3.79,14836,$3.762,$3.917,$3.762
03/18/2025,$3.79,58103,$3.879,$3.944,$3.713
03/17/2025,$3.90,33434,$3.85,$4.00,$3.617
03/14/2025,$3.704,71765,$3.95,$4.10,$3.70
03/13/2025,$3.98,31574,$3.804,$4.00,$3.769
03/12/2025,$3.99,66652,$3.705,$4.20,$3.6225
03/11/2025,$3.90,68014,$3.48,$3.90,$3.35
03/10/2025,$3.59,34057,$3.331,$3.60,$3.237
03/07/2025,$3.59,48228,$3.55,$3.976,$3.411
03/06/2025,$3.63,29928,$3.586,$4.00,$3.501
03/05/2025,$3.697,19753,$3.54,$3.70,$3.36
03/04/2025,$3.649,41439,$3.40,$3.65,$3.03
03/03/2025,$3.46,35168,$3.773,$3.999,$3.40
02/28/2025,$3.89,35445,$3.80,$3.90,$3.60
02/27/2025,$4.002,28826,$4.10,$4.309,$3.80
02/26/2025,$4.314,25622,$4.40,$4.62,$4.20
02/25/2025,$3.95,53496,$4.48,$4.497,$3.80
02/24/2025,$4.39,104912,$4.16,$4.42,$3.60
02/21/2025,$4.399,114386,$5.01,$5.203,$4.225
02/20/2025,$5.11,86788,$5.142,$5.199,$4.80
02/19/2025,$5.576,60498,$5.90,$5.999,$5.51
02/18/2025,$5.92,84594,$6.80,$6.80,$5.90
02/14/2025,$6.666,156226,$6.653,$6.793,$5.837
02/13/2025,$6.663,295414,$5.96,$7.099,$5.60
02/12/2025,$6.388,397425,$6.533,$7.70,$5.819
02/11/2025,$6.50,717905,$5.60,$6.571,$5.13
02/10/2025,$6.951,22134360,$5.40,$10.499,$4.659
02/07/2025,$4.10,334930,$3.90,$5.694,$3.81
02/06/2025,$3.99,44114,$3.90,$4.229,$3.75
02/05/2025,$3.90,32690,$3.78,$3.90,$3.70
02/04/2025,$3.86,37860,$3.947,$4.067,$3.615
02/03/2025,$3.75,57705,$3.60,$4.0149,$3.40
01/31/2025,$3.787,35323,$3.74,$3.986,$3.60
01/30/2025,$3.649,103102,$4.18,$4.2395,$3.341
01/29/2025,$4.30,29457,$4.702,$4.809,$4.266
01/28/2025,$4.49,32911,$4.637,$4.723,$4.3028
01/27/2025,$4.78,63318,$5.30,$5.54,$4.30
01/24/2025,$5.325,21453,$5.104,$5.45,$5.104
01/23/2025,$5.15,70379,$5.60,$5.692,$5.001
01/22/2025,$5.872,46721,$6.00,$6.049,$5.563
01/21/2025,$5.982,39970,$6.209,$6.30,$5.90
01/17/2025,$6.30,116480,$6.128,$7.018,$6.01
01/16/2025,$6.006,63184,$6.203,$6.498,$5.74
01/15/2025,$6.40,43730,$6.51,$6.833,$6.113
01/14/2025,$6.611,40066,$6.55,$7.258,$6.202
01/13/2025,$6.659,81515,$7.135,$7.299,$6.19
01/10/2025,$7.45,54008,$7.70,$7.717,$6.901
01/08/2025,$7.75,130443,$8.10,$8.198,$7.30
01/07/2025,$8.90,129017,$9.293,$9.345,$8.101
01/06/2025,$9.20,127905,$9.90,$9.90,$9.021
01/03/2025,$9.70,174230,$10.30,$10.50,$8.60
01/02/2025,$10.70,344748,$8.899,$11.10,$7.824
12/31/2024,$9.74,2264840,$11.10,$11.80,$9.10
12/30/2024,$9.00,1106219,$9.194,$10.999,$8.894
12/27/2024,$8.10,63858,$8.768,$9.029,$7.81
12/26/2024,$8.046,53292,$7.20,$8.50,$7.186
12/24/2024,$7.19,7171,$7.353,$7.3955,$7.037
12/23/2024,$7.413,14746,$7.00,$7.513,$6.941
12/20/2024,$6.931,35327,$7.506,$7.587,$6.898
12/19/2024,$7.187,29682,$7.30,$7.67,$6.946
12/18/2024,$6.853,36991,$7.381,$7.99,$6.852
12/17/2024,$7.202,18244,$7.60,$7.60,$7.10
12/16/2024,$7.776,19962,$7.80,$7.932,$7.459
12/13/2024,$7.9317,64645,$8.317,$9.70,$7.621
12/12/2024,$8.706,47084,$8.20,$8.80,$7.651
12/11/2024,$8.081,93077,$8.369,$8.369,$7.00
12/10/2024,$8.735,1192787,$8.048,$8.893,$6.609
12/09/2024,$8.40,112912,$7.88,$8.80,$7.501
12/06/2024,$7.70,25303,$7.60,$7.989,$7.10
12/05/2024,$7.51,4403,$7.11,$7.988,$7.10
12/04/2024,$7.50,5005,$7.699,$7.738,$7.20
12/03/2024,$7.413,12250,$7.22,$8.167,$7.22
12/02/2024,$7.50,32698,$8.30,$8.382,$7.24
11/29/2024,$8.20,22785,$9.10,$9.10,$8.20
11/27/2024,$9.15,103437,$9.64,$10.20,$8.545
11/26/2024,$8.805,11721,$8.729,$8.90,$8.40
11/25/2024,$8.545,3518,$9.00,$9.00,$8.50
11/22/2024,$8.51,5616,$8.778,$8.862,$8.213
11/21/2024,$8.74,14356,$8.35,$9.60,$7.9101
11/20/2024,$7.90,3205,$8.14,$8.257,$7.838
11/19/2024,$8.143,6713,$7.857,$8.245,$7.50
11/18/2024,$8.10,6317,$8.00,$8.399,$7.675
11/15/2024,$8.00,11393,$7.425,$8.127,$7.30
11/14/2024,$7.212,25855,$9.357,$9.90,$7.10
11/13/2024,$9.64,4400,$9.20,$9.80,$9.15
11/12/2024,$9.466,10538,$11.30,$11.30,$9.006
11/11/2024,$10.70,16610,$11.30,$11.799,$10.50
11/08/2024,$11.10,20773,$10.20,$11.661,$9.30
11/07/2024,$9.783,25701,$8.90,$9.799,$7.911
11/06/2024,$8.569,21162,$7.481,$8.952,$7.412
11/05/2024,$7.712,8716,$7.70,$8.122,$7.262
11/04/2024,$7.80,16688,$8.154,$8.205,$7.421
11/01/2024,$8.303,13716,$8.566,$8.6306,$7.753
10/31/2024,$8.565,10752,$8.80,$8.80,$8.10
10/30/2024,$8.60,46887,$9.204,$9.204,$8.10
10/29/2024,$9.494,4396,$9.50,$9.50,$9.202
10/28/2024,$9.50,8613,$9.20,$9.50,$8.862
10/25/2024,$9.00,10065,$8.55,$9.38,$8.38
10/24/2024,$8.81,20591,$9.79,$9.79,$8.30
10/23/2024,$8.898,18283,$9.204,$9.50,$7.901
10/22/2024,$9.083,5972,$9.506,$9.703,$9.00
10/21/2024,$9.80,12509,$10.40,$10.40,$9.329
10/18/2024,$9.90,26465,$9.20,$10.90,$8.75
10/17/2024,$9.20,15557,$9.30,$9.87,$8.901
10/16/2024,$9.474,18295,$9.37,$9.86,$8.821
10/15/2024,$9.1355,24146,$9.328,$10.20,$8.40
10/14/2024,$9.616,11856,$9.20,$10.30,$9.20
10/11/2024,$9.398,6273,$8.789,$9.71,$8.789
10/10/2024,$8.80,33232,$10.00,$10.10,$7.51
10/09/2024,$9.901,22313,$10.30,$10.30,$9.70
10/08/2024,$9.999,4228,$10.20,$10.20,$9.50
10/07/2024,$9.65,10242,$9.80,$10.20,$9.50
10/04/2024,$9.85,11405,$9.70,$10.30,$9.50
10/03/2024,$9.80,3544,$10.10,$10.255,$9.80
10/02/2024,$10.00,15953,$10.00,$10.50,$9.55
10/01/2024,$10.00,4470,$10.30,$10.50,$9.90
09/30/2024,$10.40,9037,$10.10,$10.489,$10.00
09/27/2024,$10.20,7688,$10.40,$10.50,$9.715
09/26/2024,$9.945,8936,$9.601,$10.257,$9.601
09/25/2024,$9.848,6500,$9.294,$10.50,$9.294
09/24/2024,$9.416,17839,$10.00,$10.80,$9.2083
09/23/2024,$9.964,15152,$10.70,$11.10,$9.50
09/20/2024,$10.40,15304,$11.00,$11.10,$10.40
09/19/2024,$11.10,11019,$11.20,$11.70,$10.70
09/18/2024,$11.00,6142,$11.70,$12.00,$10.80
09/17/2024,$11.70,9705,$10.50,$12.00,$10.50
09/16/2024,$10.50,7645,$11.30,$11.30,$10.00
09/13/2024,$10.20,4892,$10.10,$10.30,$9.70
09/12/2024,$9.80,10537,$10.00,$10.50,$9.502
09/11/2024,$10.10,13661,$10.80,$11.40,$9.50
09/10/2024,$10.90,12785,$9.86,$11.00,$9.40
09/09/2024,$9.40,11846,$9.995,$10.20,$9.00
09/06/2024,$9.995,11192,$9.50,$10.322,$9.50
09/05/2024,$9.60,31046,$11.20,$11.30,$8.00
09/04/2024,$11.30,11884,$11.50,$12.00,$10.90
09/03/2024,$11.60,13844,$12.50,$12.50,$10.90
08/30/2024,$11.70,23079,$12.30,$13.00,$11.00
08/29/2024,$11.90,30675,$14.50,$14.50,$10.90
08/28/2024,$14.10,24312,$14.30,$16.00,$13.30
08/27/2024,$14.60,40880,$17.10,$17.70,$14.201
08/26/2024,$17.10,382875,$20.20,$26.40,$14.80
08/23/2024,$17.80,1919,$17.80,$18.30,$17.30
08/22/2024,$17.30,2864,$18.50,$18.70,$16.90
08/21/2024,$18.50,5206,$17.90,$19.90,$17.10
08/20/2024,$17.10,3377,$19.40,$19.571,$17.00
08/19/2024,$20.00,5815,$20.30,$20.40,$18.801
08/16/2024,$18.30,3841,$20.70,$20.70,$18.30
08/15/2024,$21.00,9109,$21.00,$22.00,$19.60
08/14/2024,$22.60,8502,$22.20,$25.10,$22.00
08/13/2024,$22.00,3585,$19.40,$22.047,$19.40
08/12/2024,$18.80,3158,$19.00,$19.474,$18.702
08/09/2024,$18.10,2063,$18.10,$18.445,$17.70
08/08/2024,$18.40,3986,$17.00,$19.50,$17.00
08/07/2024,$16.50,3041,$16.20,$17.60,$16.20
08/06/2024,$16.30,8068,$16.30,$16.40,$14.80
08/05/2024,$14.80,11523,$15.00,$15.70,$13.50
08/02/2024,$15.90,14943,$19.20,$21.045,$15.00
08/01/2024,$18.10,10530,$22.10,$22.50,$17.50
07/31/2024,$20.80,17134,$24.00,$26.999,$20.00
07/30/2024,$24.50,13358,$28.00,$29.20,$23.20
07/29/2024,$28.30,14491,$28.70,$31.00,$27.40
07/26/2024,$27.40,4443,$27.00,$28.50,$27.00
07/25/2024,$26.60,10581,$28.60,$29.814,$25.30
07/24/2024,$27.90,3153,$29.30,$30.00,$27.70
07/23/2024,$29.30,10858,$28.80,$30.70,$27.50
07/22/2024,$28.60,6029,$28.40,$31.60,$28.20
07/19/2024,$29.10,10390,$31.20,$31.338,$26.50
07/18/2024,$30.60,3553,$31.30,$33.10,$30.20
07/17/2024,$31.70,10236,$35.50,$35.90,$31.10
07/16/2024,$35.90,7582,$34.80,$36.90,$34.10
07/15/2024,$35.70,28429,$34.70,$37.40,$33.00
07/12/2024,$31.00,3390,$30.70,$31.548,$30.30
07/11/2024,$31.60,9527,$29.40,$32.50,$29.10
07/10/2024,$29.40,11752,$28.50,$32.70,$27.951
07/09/2024,$28.50,14768,$30.80,$32.10,$27.20
07/08/2024,$31.10,3692,$29.80,$32.30,$29.80
07/05/2024,$30.60,9253,$30.00,$32.50,$29.70
07/03/2024,$30.00,14013,$32.30,$32.30,$26.80
07/02/2024,$32.30,12128,$32.60,$33.30,$31.00
07/01/2024,$32.40,43812,$36.50,$41.00,$32.268
06/28/2024,$34.50,12482,$32.00,$35.40,$31.10
06/27/2024,$33.80,25104,$29.30,$34.00,$28.01
06/26/2024,$30.90,13947,$30.10,$31.50,$29.40
06/25/2024,$31.20,13695,$32.90,$33.00,$29.00
06/24/2024,$33.00,33976,$30.80,$34.00,$26.50
06/21/2024,$29.80,47598,$35.10,$37.00,$28.30
06/20/2024,$36.20,14812,$36.50,$37.90,$35.50
06/18/2024,$35.90,33799,$39.00,$39.50,$34.60
06/17/2024,$41.30,30694,$41.30,$43.40,$38.00
06/14/2024,$41.70,47847,$44.40,$47.20,$39.00
06/13/2024,$44.10,82201,$43.40,$50.00,$42.20
06/12/2024,$43.70,42556,$42.60,$46.395,$41.00
06/11/2024,$41.50,160528,$44.50,$51.30,$36.60
06/10/2024,$44.50,243483,$42.70,$52.30,$41.501
06/07/2024,$40.70,163360,$40.40,$51.80,$39.10
06/06/2024,$43.60,567256,$32.80,$58.00,$32.50
06/05/2024,$35.00,88463,$44.50,$44.50,$29.30
06/04/2024,$36.50,107600,$45.20,$47.899,$35.185
06/03/2024,$46.90,766219,$47.90,$63.20,$41.995
05/31/2024,$54.40,6799439,$25.60,$84.30,$23.00
05/30/2024,$25.80,263962,$24.30,$26.00,$21.60
05/29/2024,$26.40,10822010,$20.80,$31.60,$16.80
05/28/2024,$12.70,11888,$12.00,$13.50,$11.00
05/24/2024,$11.60,8599,$12.40,$13.10,$11.10
05/23/2024,$11.90,6255,$13.60,$13.881,$11.80
05/22/2024,$12.90,2396,$12.10,$12.90,$12.10
05/21/2024,$11.90,7403,$12.24,$13.40,$11.70
05/20/2024,$11.90,15668,$11.20,$13.636,$10.90
05/17/2024,$11.20,5085,$12.50,$12.80,$11.00
05/16/2024,$12.70,21565,$11.40,$13.30,$10.50
05/15/2024,$10.50,30257,$13.60,$13.70,$9.90
05/14/2024,$14.20,20826,$14.60,$17.599,$14.105
05/13/2024,$14.10,8350,$14.20,$16.40,$13.65
05/10/2024,$14.50,14099,$17.70,$18.964,$14.00
05/09/2024,$17.15,5571,$18.20,$18.90,$16.50
05/08/2024,$17.60,3646,$17.70,$19.00,$17.10
05/07/2024,$18.20,5311,$18.60,$18.90,$16.20
05/06/2024,$18.70,10797,$15.80,$19.599,$15.40
05/03/2024,$16.00,10504,$17.30,$17.90,$15.001
05/02/2024,$16.20,46129,$21.70,$22.18,$14.20
05/01/2024,$21.10,26035,$22.40,$23.00,$19.80
04/30/2024,$22.70,7357,$24.00,$24.00,$20.00
04/29/2024,$24.10,5436,$27.00,$27.00,$23.40
04/26/2024,$26.70,9635,$25.80,$28.10,$24.70
04/25/2024,$25.90,23429,$35.90,$35.90,$25.00
04/24/2024,$37.30,9811,$43.00,$43.20,$34.00
04/23/2024,$43.00,2248,$50.20,$50.20,$41.50
04/22/2024,$46.40,2185,$47.80,$47.80,$44.75
04/19/2024,$49.50,3724,$54.60,$54.60,$44.10
04/18/2024,$54.90,1817,$52.50,$57.00,$50.60
04/17/2024,$53.80,1257,$54.05,$57.40,$51.50
04/16/2024,$55.60,487,$56.70,$57.40,$51.90
04/15/2024,$54.80,1772,$51.30,$55.80,$51.30
04/12/2024,$51.00,3957,$54.21,$62.00,$50.60
04/11/2024,$60.00,6498,$56.20,$67.55,$56.10
04/10/2024,$58.00,2901,$56.20,$61.05,$55.50
04/09/2024,$55.651,3762,$69.00,$69.00,$55.651
04/08/2024,$62.00,4798,$56.90,$63.60,$52.50
04/05/2024,$60.00,2774,$55.50,$61.10,$52.10
04/04/2024,$56.30,2565,$55.90,$58.90,$54.00
04/03/2024,$58.10,17287,$51.10,$78.30,$51.10
04/02/2024,$52.50,5987,$51.60,$58.50,$49.80
04/01/2024,$58.80,1863,$67.70,$71.50,$55.277
03/28/2024,$67.50,4316,$65.10,$73.50,$60.20
03/27/2024,$67.90,10700,$55.40,$74.60,$52.50
03/26/2024,$58.20,18181,$60.00,$67.00,$48.00
03/25/2024,$59.40,8625,$77.10,$77.40,$56.80
03/22/2024,$79.50,14856,$106.70,$107.696,$67.10
03/21/2024,$111.25,8562,$128.10,$135.00,$106.701
03/20/2024,$122.80,3962,$105.30,$133.80,$105.30
03/19/2024,$124.90,12945,$117.30,$129.80,$83.10
03/18/2024,$137.50,56596,$144.50,$197.50,$125.10
03/15/2024,$105.60,35374,$58.50,$116.40,$56.50
03/14/2024,$77.00,5439,$98.60,$98.60,$63.90
03/13/2024,$82.60,1626,$78.90,$86.00,$78.90
03/12/2024,$80.00,18101,$86.30,$120.00,$75.00
03/11/2024,$74.90,4756,$79.50,$79.50,$68.00
03/08/2024,$87.30,33505,$102.40,$102.50,$62.90
03/07/2024,$110.10,1842,$114.90,$115.00,$89.899
03/06/2024,$114.10,766,$118.10,$120.00,$110.00
03/05/2024,$112.50,340,$108.50,$112.50,$105.30
03/04/2024,$108.60,6406,$170.00,$170.00,$108.60
03/01/2024,$118.50,2820,$108.50,$126.617,$107.10
02/29/2024,$114.706,2286,$108.90,$120.765,$103.10
02/28/2024,$108.10,408,$108.00,$108.20,$107.80
02/27/2024,$107.80,68269,$107.70,$107.80,$107.70
02/26/2024,$107.50,478,$107.50,$107.50,$107.50
02/23/2024,$107.40,97,$107.40,$107.40,$107.40
02/22/2024,$107.40,108,$107.90,$107.90,$107.40
02/21/2024,$107.70,N/A,$107.70,$107.70,$107.70
02/20/2024,$107.70,86,$107.90,$107.90,$107.70
02/16/2024,$107.40,440,$107.40,$107.40,$107.40
02/15/2024,$108.701,30,$108.701,$108.701,$108.701
02/14/2024,$106.80,N/A,$106.80,$106.80,$106.80
02/13/2024,$106.80,N/A,$106.80,$106.80,$106.80
02/12/2024,$106.80,11,$106.80,$106.80,$106.80
02/09/2024,$106.70,N/A,$106.70,$106.70,$106.70
02/08/2024,$106.70,N/A,$106.70,$106.70,$106.70
02/07/2024,$106.70,N/A,$106.70,$106.70,$106.70
02/06/2024,$106.70,N/A,$106.70,$106.70,$106.70
02/05/2024,$106.70,N/A,$106.70,$106.70,$106.70
02/02/2024,$106.70,33,$107.20,$107.20,$106.70
02/01/2024,$106.00,N/A,$106.00,$106.00,$106.00
01/31/2024,$106.00,N/A,$106.00,$106.00,$106.00
01/30/2024,$106.00,N/A,$106.00,$106.00,$106.00
01/29/2024,$106.00,N/A,$106.00,$106.00,$106.00
01/26/2024,$106.00,11,$106.00,$106.00,$106.00
01/25/2024,$106.70,106,$106.70,$106.70,$106.70
01/24/2024,$106.00,N/A,$106.00,$106.00,$106.00
01/23/2024,$106.00,346,$107.10,$108.00,$106.00
01/22/2024,$106.50,N/A,$106.50,$106.50,$106.50
01/19/2024,$106.50,10822,$106.50,$106.50,$106.50
01/18/2024,$106.10,N/A,$106.10,$106.10,$106.10
01/17/2024,$106.10,N/A,$106.10,$106.10,$106.10
01/16/2024,$106.10,23,$106.10,$106.10,$106.10
01/12/2024,$106.00,12,$106.00,$106.00,$106.00
01/11/2024,$106.00,N/A,$106.00,$106.00,$106.00
01/10/2024,$106.00,N/A,$106.00,$106.00,$106.00
01/09/2024,$106.00,N/A,$106.00,$106.00,$106.00
01/08/2024,$106.00,N/A,$106.00,$106.00,$106.00
01/05/2024,$106.00,14,$106.00,$106.00,$106.00
01/04/2024,$106.40,15,$106.40,$106.40,$106.40
01/03/2024,$105.90,N/A,$105.90,$105.90,$105.90
01/02/2024,$105.90,N/A,$105.90,$105.90,$105.90
12/29/2023,$105.90,N/A,$105.90,$105.90,$105.90
12/28/2023,$105.90,20,$105.90,$105.90,$105.90
12/27/2023,$105.90,75,$105.90,$105.90,$105.90
12/26/2023,$106.10,N/A,$106.10,$106.10,$106.10
12/22/2023,$106.10,35,$106.10,$106.10,$106.10
12/21/2023,$106.01,N/A,$106.01,$106.01,$106.01
12/20/2023,$106.01,N/A,$106.01,$106.01,$106.01
12/19/2023,$106.01,N/A,$106.01,$106.01,$106.01
12/18/2023,$106.01,N/A,$106.01,$106.01,$106.01
12/15/2023,$106.01,112,$106.00,$106.25,$106.00
12/14/2023,$106.20,N/A,$106.20,$106.20,$106.20
12/13/2023,$106.20,923,$106.00,$106.50,$106.00
12/12/2023,$105.60,468,$106.60,$106.60,$103.10
12/11/2023,$106.20,17681,$106.00,$106.50,$106.00
12/08/2023,$107.60,647,$105.70,$109.90,$105.50
12/07/2023,$106.80,80,$106.80,$106.80,$106.80
12/06/2023,$107.00,133,$107.00,$108.70,$107.00
12/05/2023,$106.30,N/A,$106.30,$106.30,$106.30
12/04/2023,$106.30,42609,$107.10,$107.40,$106.005
12/01/2023,$106.70,208,$111.90,$111.90,$106.70
11/30/2023,$106.30,29,$106.40,$106.40,$106.30
11/29/2023,$106.90,40121,$106.70,$107.05,$106.70
11/28/2023,$106.60,20028,$107.20,$107.20,$106.60
11/27/2023,$107.90,10,$107.90,$107.90,$107.90
11/24/2023,$108.50,614,$107.50,$108.50,$106.60
11/22/2023,$107.50,N/A,$107.50,$107.50,$107.50
11/21/2023,$107.50,5145,$106.90,$107.90,$106.80
11/20/2023,$106.685,N/A,$106.685,$106.685,$106.685
11/17/2023,$106.685,9073,$106.50,$106.70,$106.50
11/16/2023,$106.40,N/A,$106.40,$106.40,$106.40
11/15/2023,$106.40,N/A,$106.40,$106.40,$106.40
11/14/2023,$106.40,N/A,$106.40,$106.40,$106.40
11/13/2023,$106.40,65,$106.40,$106.40,$106.40
11/10/2023,$106.11,24,$106.11,$106.11,$106.11
11/09/2023,$106.10,N/A,$106.10,$106.10,$106.10
11/08/2023,$106.10,3415,$106.10,$106.10,$106.10
11/07/2023,$106.10,177,$106.10,$106.10,$106.10
11/06/2023,$107.00,N/A,$107.00,$107.00,$107.00
11/03/2023,$107.00,184,$106.80,$107.00,$106.80
11/02/2023,$106.20,91,$106.30,$106.30,$106.20
11/01/2023,$106.45,26,$106.45,$106.45,$106.45
10/31/2023,$106.00,N/A,$106.00,$106.00,$106.00
10/30/2023,$106.00,28784,$105.90,$106.00,$105.85
10/27/2023,$105.80,60,$106.00,$106.00,$105.80
10/26/2023,$105.80,N/A,$105.80,$105.80,$105.80
10/25/2023,$105.80,3314,$105.60,$105.80,$105.60
10/24/2023,$105.80,N/A,$105.80,$105.80,$105.80
10/23/2023,$105.80,N/A,$105.80,$105.80,$105.80
10/20/2023,$105.80,25,$105.80,$105.80,$105.80
10/19/2023,$105.50,12,$105.50,$105.50,$105.50
10/18/2023,$105.50,10,$105.50,$105.50,$105.50
10/17/2023,$105.55,N/A,$105.55,$105.55,$105.55
10/16/2023,$105.55,N/A,$105.55,$105.55,$105.55
10/13/2023,$105.55,N/A,$105.55,$105.55,$105.55
10/12/2023,$105.55,N/A,$105.55,$105.55,$105.55
10/11/2023,$105.55,N/A,$105.55,$105.55,$105.55
10/10/2023,$105.55,93,$105.55,$105.55,$105.55
10/09/2023,$105.30,N/A,$105.30,$105.30,$105.30
10/06/2023,$105.30,N/A,$105.30,$105.30,$105.30
10/05/2023,$105.30,N/A,$105.30,$105.30,$105.30
10/04/2023,$105.30,N/A,$105.30,$105.30,$105.30
10/03/2023,$105.30,84,$105.30,$105.30,$105.30
10/02/2023,$104.50,N/A,$104.50,$104.50,$104.50
09/29/2023,$104.50,N/A,$104.50,$104.50,$104.50
09/28/2023,$104.50,16,$104.50,$104.50,$104.50
09/27/2023,$105.50,173,$104.70,$105.50,$104.00
09/26/2023,$105.50,N/A,$105.50,$105.50,$105.50
09/25/2023,$105.50,26,$105.50,$105.50,$105.50
09/22/2023,$105.304,N/A,$105.304,$105.304,$105.304
09/21/2023,$105.304,20,$105.40,$105.40,$105.304
09/20/2023,$105.30,212,$105.30,$105.30,$105.30
09/19/2023,$106.00,N/A,$106.00,$106.00,$106.00
09/18/2023,$106.00,N/A,$106.00,$106.00,$106.00
09/15/2023,$106.00,N/A,$106.00,$106.00,$106.00
09/14/2023,$106.00,87,$105.30,$106.00,$105.30
09/13/2023,$105.99,N/A,$105.99,$105.99,$105.99
09/12/2023,$105.99,114,$106.00,$106.00,$105.90
09/11/2023,$105.20,196,$104.02,$106.10,$103.50
09/08/2023,$106.10,256,$107.80,$107.80,$106.00
09/07/2023,$107.90,N/A,$107.90,$107.90,$107.90
09/06/2023,$107.90,N/A,$107.90,$107.90,$107.90
09/05/2023,$107.90,N/A,$107.90,$107.90,$107.90
09/01/2023,$107.90,N/A,$107.90,$107.90,$107.90
08/31/2023,$107.90,N/A,$107.90,$107.90,$107.90
08/30/2023,$107.90,N/A,$107.90,$107.90,$107.90
08/29/2023,$107.90,N/A,$107.90,$107.90,$107.90
08/28/2023,$107.90,N/A,$107.90,$107.90,$107.90
08/25/2023,$107.90,N/A,$107.90,$107.90,$107.90
08/24/2023,$107.90,N/A,$107.90,$107.90,$107.90
08/23/2023,$107.90,51,$109.58,$110.00,$107.90
08/22/2023,$105.00,N/A,$105.00,$105.00,$105.00
08/21/2023,$105.00,220,$105.00,$105.00,$105.00
08/18/2023,$104.30,N/A,$104.30,$104.30,$104.30
08/17/2023,$104.30,11,$104.30,$104.30,$104.30
08/16/2023,$105.00,157,$104.70,$105.00,$104.70
08/15/2023,$104.20,163,$104.20,$104.20,$104.20
08/14/2023,$104.00,N/A,$104.00,$104.00,$104.00
08/11/2023,$104.00,N/A,$104.00,$104.00,$104.00
08/10/2023,$104.00,20,$104.00,$104.00,$104.00
08/09/2023,$104.20,81,$104.00,$104.20,$104.00
08/08/2023,$103.50,N/A,$103.50,$103.50,$103.50
08/07/2023,$103.50,N/A,$103.50,$103.50,$103.50
08/04/2023,$103.50,N/A,$103.50,$103.50,$103.50
08/03/2023,$103.50,N/A,$103.50,$103.50,$103.50
08/02/2023,$103.50,N/A,$103.50,$103.50,$103.50
08/01/2023,$103.50,227,$103.55,$103.55,$103.48
07/31/2023,$103.10,19,$103.10,$103.10,$103.10
07/28/2023,$103.50,N/A,$103.50,$103.50,$103.50
07/27/2023,$103.50,50,$103.60,$103.60,$103.30
07/26/2023,$103.50,10,$103.50,$103.50,$103.50
07/25/2023,$103.60,N/A,$103.60,$103.60,$103.60
07/24/2023,$103.60,1392,$103.001,$104.00,$103.001
07/21/2023,$104.00,20,$104.00,$104.00,$104.00
07/20/2023,$103.00,1023,$103.00,$103.00,$103.00
07/19/2023,$102.70,2433,$102.70,$102.70,$102.60
07/18/2023,$102.65,N/A,$102.65,$102.65,$102.65
07/17/2023,$102.65,112,$102.70,$102.70,$102.65
07/14/2023,$102.50,N/A,$102.50,$102.50,$102.50
07/13/2023,$102.50,N/A,$102.50,$102.50,$102.50
07/12/2023,$102.50,N/A,$102.50,$102.50,$102.50
07/11/2023,$102.50,12,$102.50,$102.50,$102.50
07/10/2023,$102.70,42,$102.70,$102.70,$102.70
07/07/2023,$102.70,10,$102.70,$102.70,$102.70
07/06/2023,$102.65,40,$102.70,$102.70,$102.65
07/05/2023,$102.70,10,$102.70,$102.70,$102.70
07/03/2023,$102.65,43,$102.70,$102.70,$102.65
06/30/2023,$102.65,10,$102.65,$102.65,$102.65
06/29/2023,$102.70,N/A,$102.70,$102.70,$102.70
06/28/2023,$102.70,65,$102.70,$102.715,$102.70
06/27/2023,$102.30,N/A,$102.30,$102.30,$102.30
06/26/2023,$102.30,100,$103.15,$103.15,$102.30
06/23/2023,$103.70,N/A,$103.70,$103.70,$103.70
06/22/2023,$103.70,N/A,$103.70,$103.70,$103.70
06/21/2023,$103.70,453,$103.70,$103.70,$103.05
06/20/2023,$104.00,101,$104.00,$104.00,$104.00
06/16/2023,$102.392,N/A,$102.392,$102.392,$102.392
06/15/2023,$102.392,41,$104.00,$104.00,$102.392
06/14/2023,$102.00,N/A,$102.00,$102.00,$102.00
06/13/2023,$102.00,N/A,$102.00,$102.00,$102.00
06/12/2023,$102.00,N/A,$102.00,$102.00,$102.00
06/09/2023,$102.00,N/A,$102.00,$102.00,$102.00
06/08/2023,$102.00,N/A,$102.00,$102.00,$102.00
06/07/2023,$102.00,N/A,$102.00,$102.00,$102.00
06/06/2023,$102.00,N/A,$102.00,$102.00,$102.00
06/05/2023,$102.00,96,$109.495,$109.495,$102.00
06/02/2023,$104.90,N/A,$104.90,$104.90,$104.90
06/01/2023,$104.90,47,$104.00,$104.90,$104.00
05/31/2023,$102.80,N/A,$102.80,$102.80,$102.80
05/30/2023,$102.80,N/A,$102.80,$102.80,$102.80
05/26/2023,$102.80,N/A,$102.80,$102.80,$102.80
05/25/2023,$102.80,136,$102.05,$102.80,$102.05
05/24/2023,$101.20,N/A,$101.20,$101.20,$101.20
05/23/2023,$101.20,N/A,$101.20,$101.20,$101.20
05/22/2023,$101.20,N/A,$101.20,$101.20,$101.20
05/19/2023,$101.20,N/A,$101.20,$101.20,$101.20
05/18/2023,$101.20,N/A,$101.20,$101.20,$101.20
05/17/2023,$101.20,N/A,$101.20,$101.20,$101.20
05/16/2023,$101.20,N/A,$101.20,$101.20,$101.20
05/15/2023,$101.20,11,$101.20,$101.20,$101.20
05/12/2023,$102.10,N/A,$102.10,$102.10,$102.10
05/11/2023,$102.10,N/A,$102.10,$102.10,$102.10
05/10/2023,$102.10,N/A,$102.10,$102.10,$102.10
05/09/2023,$102.10,N/A,$102.10,$102.10,$102.10
05/08/2023,$102.10,N/A,$102.10,$102.10,$102.10
05/05/2023,$102.10,N/A,$102.10,$102.10,$102.10
05/04/2023,$102.10,N/A,$102.10,$102.10,$102.10
05/03/2023,$102.10,N/A,$102.10,$102.10,$102.10
05/02/2023,$102.10,434,$101.20,$102.846,$101.10
05/01/2023,$101.60,N/A,$101.60,$101.60,$101.60
04/28/2023,$101.60,225,$102.30,$102.30,$101.60
04/27/2023,$102.10,381,$103.22,$111.90,$101.703
04/26/2023,$102.00,253,$102.38,$102.50,$101.50
04/25/2023,$102.75,12,$102.75,$102.75,$102.75
04/24/2023,$103.00,N/A,$103.00,$103.00,$103.00
04/21/2023,$103.00,159,$103.00,$103.80,$103.00
04/20/2023,$101.80,140,$101.80,$101.80,$101.80
04/19/2023,$101.50,N/A,$101.50,$101.50,$101.50
04/18/2023,$101.50,N/A,$101.50,$101.50,$101.50
04/17/2023,$101.50,N/A,$101.50,$101.50,$101.50
04/14/2023,$101.50,23087,$101.50,$101.50,$101.50
04/13/2023,$101.70,946,$101.70,$104.00,$101.70
04/12/2023,$101.00,16,$101.00,$101.00,$101.00
04/11/2023,$101.00,N/A,$101.00,$101.00,$101.00
04/10/2023,$101.00,341,$101.00,$101.00,$101.00
04/06/2023,$101.20,13,$101.20,$101.20,$101.20
04/05/2023,$100.899,8482,$101.00,$101.00,$100.70
04/04/2023,$100.50,N/A,$100.50,$100.50,$100.50
04/03/2023,$100.50,830,$100.50,$100.50,$100.40
03/31/2023,$100.15,173,$100.20,$100.20,$100.15
03/30/2023,$100.431,N/A,$100.431,$100.431,$100.431
03/29/2023,$100.431,N/A,$100.431,$100.431,$100.431
03/28/2023,$100.431,N/A,$100.431,$100.431,$100.431
03/27/2023,$100.431,N/A,$100.431,$100.431,$100.431
03/24/2023,$100.431,N/A,$100.431,$100.431,$100.431
03/23/2023,$100.431,20,$100.431,$100.431,$100.431
03/22/2023,$100.80,N/A,$100.80,$100.80,$100.80
03/21/2023,$100.80,11,$100.80,$100.80,$100.80
03/20/2023,$100.40,983,$100.80,$100.80,$100.40
03/17/2023,$100.60,27,$100.60,$100.60,$100.60
03/16/2023,$101.10,755,$101.20,$101.70,$101.10
03/15/2023,$100.20,35,$100.60,$100.60,$100.20
03/14/2023,$101.05,N/A,$101.05,$101.05,$101.05
03/13/2023,$101.05,2354,$100.95,$101.40,$100.90
03/10/2023,$101.30,150,$100.50,$101.30,$100.50
03/09/2023,$100.60,890,$101.00,$101.20,$100.60
03/08/2023,$100.50,231,$101.10,$101.10,$100.40
03/07/2023,$101.20,151,$100.336,$101.80,$100.336
03/06/2023,$102.00,N/A,$102.00,$102.00,$102.00
03/03/2023,$102.00,26443,$104.95,$104.95,$101.10
03/02/2023,$101.90,49594,$102.10,$110.528,$101.40
03/01/2023,$102.15,12980,$101.90,$108.80,$99.90
02/28/2023,$99.90,401,$101.60,$101.60,$99.90
02/27/2023,$101.80,114832,$101.65,$101.80,$101.65
02/24/2023,$101.80,19388,$101.80,$101.80,$101.60
02/23/2023,$101.70,13838,$101.80,$101.80,$101.65
02/22/2023,$101.75,7240,$101.75,$101.80,$101.60
02/21/2023,$101.70,10815,$101.70,$101.80,$101.70
02/17/2023,$101.70,465,$101.70,$101.70,$101.70
02/16/2023,$101.70,1511,$101.70,$101.70,$101.70
02/15/2023,$101.80,4581,$101.70,$101.80,$101.70
02/14/2023,$101.70,77190,$101.70,$101.70,$101.65
02/13/2023,$101.70,49157,$101.70,$101.70,$101.60
02/10/2023,$101.701,65,$101.70,$101.701,$101.70
02/09/2023,$101.70,N/A,$101.70,$101.70,$101.70
02/08/2023,$101.70,3208,$101.80,$101.80,$101.60
02/07/2023,$101.60,30516,$101.60,$101.70,$101.60
02/06/2023,$101.65,N/A,$101.65,$101.65,$101.65
02/03/2023,$101.65,17825,$101.60,$101.70,$101.60
02/02/2023,$101.70,8292,$101.70,$101.70,$101.50
02/01/2023,$101.60,532,$101.70,$101.70,$101.55
01/31/2023,$101.60,22778,$101.65,$101.70,$101.60
01/30/2023,$101.55,50,$101.55,$101.55,$101.55
01/27/2023,$101.50,4961,$101.52,$101.55,$101.50
01/26/2023,$101.40,1796,$101.40,$101.40,$101.40
01/25/2023,$101.50,375,$101.40,$101.60,$101.40
01/24/2023,$101.50,30900,$101.50,$107.05,$101.40
01/23/2023,$101.40,10080,$101.40,$101.40,$101.40
01/20/2023,$101.40,15551,$101.50,$101.55,$101.40
01/19/2023,$101.50,56360,$101.50,$101.50,$101.50
01/18/2023,$101.50,917,$101.50,$101.50,$101.50
01/17/2023,$101.40,180238,$101.55,$101.55,$101.40
01/13/2023,$101.40,60339,$101.50,$101.502,$101.40
01/12/2023,$101.45,423,$101.50,$101.50,$101.45
01/11/2023,$101.45,96177,$101.40,$101.45,$101.40
01/10/2023,$101.30,148844,$101.20,$101.40,$101.20
01/09/2023,$101.10,847,$101.10,$101.20,$101.10
01/06/2023,$101.15,13229,$101.10,$101.20,$101.10
01/05/2023,$101.20,203259,$101.10,$101.20,$101.00
01/04/2023,$101.00,11096,$100.80,$101.00,$100.80
01/03/2023,$100.701,108,$100.85,$100.85,$100.701
12/30/2022,$100.701,105,$100.90,$100.90,$100.701
12/29/2022,$100.90,40,$100.90,$101.00,$100.90
12/28/2022,$100.90,1355,$100.80,$100.942,$100.70
12/27/2022,$100.85,80,$100.80,$100.85,$100.80
12/23/2022,$100.80,4060,$100.85,$100.85,$100.80
12/22/2022,$100.80,666,$100.85,$100.90,$100.80
12/21/2022,$100.70,2588,$100.80,$100.80,$100.70
12/20/2022,$100.70,7759,$100.75,$100.80,$100.70
12/19/2022,$100.70,1418,$100.70,$100.75,$100.70
12/16/2022,$100.50,877,$100.55,$100.80,$100.50
12/15/2022,$100.70,4260,$100.70,$100.80,$100.70
12/14/2022,$100.70,21142,$100.75,$100.80,$100.70
12/13/2022,$100.65,13741,$100.70,$100.80,$100.50
12/12/2022,$100.40,27851,$100.50,$100.50,$100.40
12/09/2022,$100.301,187,$100.30,$100.301,$100.30
12/08/2022,$100.30,209,$100.30,$100.30,$100.30
12/07/2022,$100.30,190,$100.385,$100.385,$100.30
12/06/2022,$100.30,N/A,$100.30,$100.30,$100.30
12/05/2022,$100.30,14779,$100.30,$100.40,$100.30
12/02/2022,$100.40,32618,$100.30,$100.40,$100.20
12/01/2022,$100.301,745,$100.20,$100.35,$100.20
11/30/2022,$100.20,201,$100.17,$100.20,$100.10
11/29/2022,$100.10,148924,$100.10,$100.40,$100.00
11/28/2022,$100.00,14418,$100.00,$100.05,$100.00
11/25/2022,$100.00,11,$100.00,$100.00,$100.00
11/23/2022,$100.10,2389,$100.05,$100.101,$100.00
11/22/2022,$100.00,9295,$100.00,$100.092,$99.90
11/21/2022,$99.90,7443,$99.85,$99.95,$99.80
11/18/2022,$99.80,3229,$99.75,$99.80,$99.70
11/17/2022,$99.80,158,$99.90,$99.90,$99.70
11/16/2022,$99.70,110,$99.70,$99.70,$99.70
11/15/2022,$99.50,74,$99.50,$99.50,$99.50
11/14/2022,$99.50,152,$99.50,$99.50,$99.50
11/11/2022,$99.50,159,$99.60,$99.60,$99.324
11/10/2022,$99.90,1552,$99.728,$99.90,$99.728
11/09/2022,$99.75,27560,$99.60,$99.75,$99.60
11/08/2022,$99.60,260,$99.64,$99.75,$99.60
11/07/2022,$99.60,34183,$99.70,$99.90,$99.50
11/04/2022,$99.70,51,$99.701,$99.701,$99.70
11/03/2022,$99.75,441,$99.70,$99.75,$99.70
11/02/2022,$99.70,1577,$99.85,$99.85,$99.70
11/01/2022,$99.772,N/A,$99.772,$99.772,$99.772
10/31/2022,$99.772,688,$99.70,$99.772,$99.55
10/28/2022,$99.50,28137,$99.50,$99.55,$99.50
10/27/2022,$99.50,2190,$99.40,$99.55,$99.40
10/26/2022,$99.40,5471,$99.40,$99.50,$99.40
10/25/2022,$99.35,20936,$99.35,$99.50,$99.30
10/24/2022,$99.30,306,$99.30,$99.30,$99.30
10/21/2022,$99.301,215,$99.301,$99.301,$99.301
10/20/2022,$99.35,13,$99.35,$99.35,$99.35
10/19/2022,$99.30,4130,$99.30,$99.40,$99.30
10/18/2022,$99.30,2607,$99.30,$99.30,$99.20
10/17/2022,$99.20,165,$99.20,$99.20,$99.20
10/14/2022,$99.25,62,$99.20,$99.25,$99.20
10/13/2022,$99.20,1289,$99.30,$99.30,$99.10
10/12/2022,$99.30,2468,$99.20,$99.30,$99.20
10/11/2022,$99.30,684,$99.30,$99.30,$99.25
10/10/2022,$99.40,2477,$99.50,$99.90,$99.20
10/07/2022,$99.00,1131,$99.05,$99.05,$99.00
10/06/2022,$99.00,110,$99.00,$99.00,$99.00
10/05/2022,$99.00,5000,$99.00,$99.00,$99.00
10/04/2022,$99.00,27638,$99.00,$99.10,$98.999
10/03/2022,$98.90,228,$98.90,$98.95,$98.90
09/30/2022,$98.90,N/A,$98.90,$98.90,$98.90
09/29/2022,$98.90,3680,$98.90,$99.00,$98.90
09/28/2022,$98.90,225,$98.90,$99.00,$98.90
09/27/2022,$98.95,1825,$98.90,$98.95,$98.90
09/26/2022,$98.90,62670,$98.90,$99.00,$98.85
09/23/2022,$99.00,128,$98.90,$99.00,$98.90
09/22/2022,$98.90,1994,$98.90,$99.00,$98.90
09/21/2022,$98.90,52972,$98.90,$98.90,$98.90
09/20/2022,$98.90,196,$98.90,$98.90,$98.80
09/19/2022,$98.80,1646,$98.80,$98.90,$98.80
09/16/2022,$98.85,6291,$98.80,$98.85,$98.80
09/15/2022,$98.80,597,$98.80,$98.90,$98.80
09/14/2022,$98.80,5160,$98.80,$98.90,$98.80
09/13/2022,$98.80,16652,$98.80,$98.90,$98.80
09/12/2022,$98.80,2841,$99.00,$99.00,$98.80
09/09/2022,$99.00,1917,$98.80,$99.00,$98.80
09/08/2022,$98.95,2952,$98.80,$99.20,$98.80
09/07/2022,$98.80,20082,$98.95,$98.95,$98.70
09/06/2022,$99.00,5384,$98.80,$99.00,$98.70
09/02/2022,$98.80,1389,$98.70,$99.00,$98.70
09/01/2022,$98.90,465,$98.90,$98.90,$98.70
08/31/2022,$98.90,1914,$98.65,$99.00,$98.65
08/30/2022,$98.60,119,$99.30,$99.30,$98.60
08/29/2022,$98.80,694,$98.70,$98.80,$98.70
08/26/2022,$98.80,28674,$98.50,$98.80,$98.50
08/25/2022,$98.50,94,$98.60,$98.60,$98.50
08/24/2022,$98.40,95,$98.40,$98.50,$98.40
08/23/2022,$98.70,5487,$98.50,$98.70,$98.40
08/22/2022,$98.60,380,$98.60,$98.60,$98.513
08/19/2022,$98.55,3892,$98.60,$98.60,$98.50
08/18/2022,$98.499,590,$98.499,$98.50,$98.499
08/17/2022,$98.50,373,$98.70,$98.70,$98.50
08/16/2022,$98.55,428,$98.50,$98.55,$98.50
08/15/2022,$98.50,2921,$98.45,$98.60,$98.40
08/12/2022,$98.50,20847,$98.40,$98.55,$98.40
08/11/2022,$98.35,1723,$98.30,$98.40,$98.30
08/10/2022,$98.40,1827,$98.30,$98.40,$98.30
08/09/2022,$98.40,2011,$98.40,$98.40,$98.40
08/08/2022,$98.40,310,$98.30,$98.40,$98.30
08/05/2022,$98.40,70,$98.30,$98.40,$98.30
08/04/2022,$98.30,427,$98.30,$98.40,$98.30
08/03/2022,$98.30,N/A,$98.30,$98.30,$98.30
08/02/2022,$98.30,6571,$98.30,$98.30,$98.30
08/01/2022,$98.40,20534,$98.30,$98.45,$98.30
07/29/2022,$98.30,1485,$98.70,$98.70,$98.20
07/28/2022,$98.50,256,$98.60,$98.60,$98.50
07/27/2022,$98.55,7831,$98.30,$98.80,$98.30
07/26/2022,$98.60,15370,$98.50,$98.90,$98.35
07/25/2022,$98.30,12,$98.30,$98.30,$98.30
07/22/2022,$98.10,10,$98.10,$98.10,$98.10
07/21/2022,$98.10,N/A,$98.10,$98.10,$98.10
07/20/2022,$98.10,15000,$98.10,$98.10,$98.10
07/19/2022,$98.10,51,$98.20,$98.20,$98.10
07/18/2022,$98.40,16,$98.40,$98.40,$98.40
07/15/2022,$98.20,3986,$98.20,$98.20,$97.90
07/14/2022,$97.90,N/A,$97.90,$97.90,$97.90
07/13/2022,$97.90,683,$98.001,$98.001,$97.80
07/12/2022,$98.00,N/A,$98.00,$98.00,$98.00
07/11/2022,$98.00,11,$98.00,$98.00,$98.00
07/08/2022,$98.00,N/A,$98.00,$98.00,$98.00
07/07/2022,$98.00,78,$98.00,$98.00,$98.00
07/06/2022,$98.00,7178,$98.00,$98.10,$98.00
07/05/2022,$97.854,100,$97.854,$97.854,$97.854
07/01/2022,$98.00,392,$97.90,$98.00,$97.90
06/30/2022,$98.00,1968,$98.00,$98.10,$97.80
06/29/2022,$98.00,7484,$97.80,$98.00,$97.80
06/28/2022,$97.80,67,$97.80,$98.00,$97.80
06/27/2022,$97.90,60,$98.00,$98.00,$97.80
06/24/2022,$98.00,N/A,$98.00,$98.00,$98.00
06/23/2022,$98.00,99,$97.70,$98.00,$97.70
06/22/2022,$98.00,N/A,$98.00,$98.00,$98.00
06/21/2022,$98.00,101617,$97.90,$98.00,$97.80
06/17/2022,$97.90,N/A,$97.90,$97.90,$97.90
06/16/2022,$97.90,698,$97.90,$98.00,$97.90
06/15/2022,$97.80,2796,$97.80,$97.80,$97.80
06/14/2022,$97.90,1577,$98.00,$98.00,$97.80
06/13/2022,$97.80,N/A,$97.80,$97.80,$97.80
06/10/2022,$97.80,N/A,$97.80,$97.80,$97.80
06/09/2022,$97.80,N/A,$97.80,$97.80,$97.80
06/08/2022,$97.80,N/A,$97.80,$97.80,$97.80
06/07/2022,$97.80,8907,$97.80,$97.80,$97.80
06/06/2022,$97.80,N/A,$97.80,$97.80,$97.80
06/03/2022,$97.80,N/A,$97.80,$97.80,$97.80
06/02/2022,$97.80,94,$97.60,$97.80,$97.60
06/01/2022,$98.00,90,$97.60,$98.00,$97.60
05/31/2022,$97.80,1497,$97.80,$97.80,$97.80
05/27/2022,$98.00,N/A,$98.00,$98.00,$98.00
05/26/2022,$98.00,20337,$98.00,$98.00,$98.00
05/25/2022,$97.80,N/A,$97.80,$97.80,$97.80
05/24/2022,$97.80,89,$97.85,$97.85,$97.80
05/23/2022,$97.60,405,$97.60,$97.60,$97.60
05/20/2022,$97.60,N/A,$97.60,$97.60,$97.60
05/19/2022,$97.60,N/A,$97.60,$97.60,$97.60
05/18/2022,$97.60,N/A,$97.60,$97.60,$97.60
05/17/2022,$97.60,247,$97.642,$97.642,$97.60
05/16/2022,$97.60,N/A,$97.60,$97.60,$97.60
05/13/2022,$97.60,8855,$97.60,$97.90,$97.60
05/12/2022,$97.60,140,$97.604,$97.604,$97.60
05/11/2022,$97.80,23327,$97.70,$98.00,$97.60
05/10/2022,$97.70,4996,$97.95,$98.10,$97.60
05/09/2022,$97.90,17490,$98.10,$98.10,$97.80
05/06/2022,$98.00,17486,$98.10,$98.10,$98.00
05/05/2022,$97.90,N/A,$97.90,$97.90,$97.90
05/04/2022,$97.90,5612,$97.90,$98.00,$97.90
05/03/2022,$98.00,15592,$97.95,$98.00,$97.95
05/02/2022,$97.90,2121,$97.90,$97.90,$97.90
04/29/2022,$97.90,1064,$98.05,$98.05,$97.90
04/28/2022,$98.00,51,$98.00,$98.00,$98.00
04/27/2022,$98.00,N/A,$98.00,$98.00,$98.00
04/26/2022,$98.00,5769,$98.00,$98.00,$98.00
04/25/2022,$98.05,3640,$98.05,$98.05,$98.05
04/22/2022,$97.90,N/A,$97.90,$97.90,$97.90
04/21/2022,$97.90,N/A,$97.90,$97.90,$97.90
04/20/2022,$97.90,8410,$98.05,$98.10,$97.90
04/19/2022,$98.10,2650,$98.10,$103.00,$98.10
04/18/2022,$98.00,2688,$98.00,$98.00,$98.00
04/14/2022,$98.00,187,$98.00,$98.00,$98.00
04/13/2022,$97.90,1059,$98.00,$98.00,$97.80
04/12/2022,$98.00,22,$98.00,$98.00,$98.00
04/11/2022,$98.00,1071,$98.00,$98.00,$98.00
04/08/2022,$97.90,189,$97.90,$98.00,$97.90
04/07/2022,$97.90,132,$97.90,$97.90,$97.90
04/06/2022,$97.80,10880,$97.80,$97.90,$97.80
04/05/2022,$97.80,415,$97.90,$97.90,$97.80
04/04/2022,$97.80,333,$97.80,$97.80,$97.80
04/01/2022,$98.00,N/A,$98.00,$98.00,$98.00
03/31/2022,$98.00,200819,$97.70,$98.40,$97.60
03/30/2022,$97.70,35010,$97.70,$97.70,$97.70
03/29/2022,$97.70,242997,$97.60,$97.70,$97.30
03/28/2022,$97.50,3225,$97.50,$97.60,$97.40
03/25/2022,$97.50,852,$97.50,$97.50,$97.50
03/24/2022,$97.50,487,$97.40,$97.50,$97.40
03/23/2022,$97.20,N/A,$97.20,$97.20,$97.20
03/22/2022,$97.20,2842,$97.30,$97.30,$97.20
03/21/2022,$97.30,3701,$97.40,$97.40,$97.20
03/18/2022,$97.50,N/A,$97.50,$97.50,$97.50
03/17/2022,$97.50,N/A,$97.50,$97.50,$97.50
03/16/2022,$97.50,20,$97.45,$97.50,$97.45
03/15/2022,$97.30,865,$97.30,$97.30,$97.30
03/14/2022,$97.30,N/A,$97.30,$97.30,$97.30
03/11/2022,$97.30,208,$97.50,$97.50,$97.30
03/10/2022,$97.30,2624,$97.30,$97.30,$97.20
03/09/2022,$97.20,216,$97.20,$97.20,$97.20
03/08/2022,$97.25,8840,$97.40,$97.40,$97.25
03/07/2022,$97.40,20039,$97.40,$97.40,$97.40
03/04/2022,$97.40,770,$97.30,$97.40,$97.30
03/03/2022,$97.30,3702,$97.40,$97.40,$97.30
03/02/2022,$97.26,587,$97.30,$97.30,$97.26
03/01/2022,$97.20,9478,$97.20,$97.30,$97.15
02/28/2022,$97.084,1476,$97.10,$97.10,$97.00
02/25/2022,$97.15,307,$97.10,$97.15,$97.10
02/24/2022,$97.10,N/A,$97.10,$97.10,$97.10
02/23/2022,$97.10,N/A,$97.10,$97.10,$97.10
02/22/2022,$97.10,N/A,$97.10,$97.10,$97.10
02/18/2022,$97.10,916,$97.15,$97.15,$97.10
02/17/2022,$97.20,N/A,$97.20,$97.20,$97.20
02/16/2022,$97.20,62,$97.10,$97.20,$97.10
02/15/2022,$97.30,23,$97.30,$97.30,$97.30
02/14/2022,$97.00,N/A,$97.00,$97.00,$97.00
02/11/2022,$97.00,12,$97.00,$97.00,$97.00
02/10/2022,$97.10,104,$97.10,$97.10,$97.10
02/09/2022,$97.10,2812,$97.30,$97.30,$97.00
02/08/2022,$97.10,15,$97.10,$97.10,$97.10
02/07/2022,$97.30,551,$97.30,$97.30,$97.30
02/04/2022,$97.30,92,$97.10,$97.30,$97.10
02/03/2022,$97.30,82,$97.00,$97.30,$97.00
02/02/2022,$97.40,N/A,$97.40,$97.40,$97.40
02/01/2022,$97.40,4155,$97.10,$97.40,$96.90
01/31/2022,$96.85,66,$96.85,$96.85,$96.85
01/28/2022,$96.90,422,$96.70,$96.90,$96.70
01/27/2022,$96.80,68547,$96.80,$97.00,$96.80
01/26/2022,$96.90,N/A,$96.90,$96.90,$96.90
01/25/2022,$96.90,11,$96.90,$96.90,$96.90
01/24/2022,$97.20,N/A,$97.20,$97.20,$97.20
01/21/2022,$97.20,109,$97.10,$97.20,$96.80
01/20/2022,$97.201,N/A,$97.201,$97.201,$97.201
01/19/2022,$97.201,110,$97.30,$97.30,$97.20
01/18/2022,$97.10,601,$97.20,$97.20,$97.10
01/14/2022,$97.20,21,$97.20,$97.20,$97.20
01/13/2022,$97.70,N/A,$97.70,$97.70,$97.70
01/12/2022,$97.70,N/A,$97.70,$97.70,$97.70
01/11/2022,$97.70,85,$97.50,$97.70,$97.50
01/10/2022,$97.70,N/A,$97.70,$97.70,$97.70
01/07/2022,$97.70,312,$97.55,$97.70,$97.55
01/06/2022,$97.70,8625,$97.50,$97.80,$97.40
01/05/2022,$97.60,1802,$97.50,$97.80,$97.20
01/04/2022,$97.40,4693,$97.30,$97.40,$97.20
01/03/2022,$97.40,6139,$97.40,$97.40,$97.20
12/31/2021,$97.30,965,$97.00,$97.30,$96.90
12/30/2021,$97.30,515,$96.90,$97.30,$96.90
12/29/2021,$97.20,538,$96.90,$97.20,$96.90
12/28/2021,$97.20,410,$96.90,$97.30,$96.90
12/27/2021,$97.20,N/A,$97.20,$97.20,$97.20
12/23/2021,$97.20,N/A,$97.20,$97.20,$97.20
12/22/2021,$97.20,854,$97.00,$97.20,$97.00
12/21/2021,$97.30,26,$97.30,$97.30,$97.30
12/20/2021,$97.10,16,$97.10,$97.10,$97.10
12/17/2021,$97.101,70,$97.015,$97.101,$97.015
12/16/2021,$97.40,N/A,$97.40,$97.40,$97.40
12/15/2021,$97.40,233,$97.12,$97.50,$97.10
12/14/2021,$97.40,73657,$97.50,$97.50,$97.40
12/13/2021,$97.60,117,$97.50,$97.60,$97.50
12/10/2021,$97.50,2390,$97.50,$97.60,$97.20
12/09/2021,$98.20,239,$97.50,$98.20,$97.50
12/08/2021,$98.10,854,$97.90,$98.10,$97.90
12/07/2021,$98.00,651,$97.50,$98.00,$97.40
12/06/2021,$97.785,24,$97.785,$97.785,$97.785
12/03/2021,$97.70,431,$97.55,$97.80,$97.301
12/02/2021,$97.90,1994,$97.40,$97.90,$97.30
12/01/2021,$98.00,3324,$97.41,$98.00,$97.40
11/30/2021,$97.70,1960,$97.90,$98.00,$97.40
11/29/2021,$97.80,72,$97.70,$97.80,$97.70
11/26/2021,$97.80,43,$97.80,$97.80,$97.80
11/24/2021,$97.70,N/A,$97.70,$97.70,$97.70
11/23/2021,$97.70,2551,$97.60,$97.90,$97.40
11/22/2021,$97.50,40460,$97.30,$97.60,$97.30
11/19/2021,$97.70,14213,$97.50,$97.80,$97.50
11/18/2021,$97.45,280,$97.50,$97.50,$97.45
11/17/2021,$97.60,192,$97.50,$97.60,$97.50
11/16/2021,$97.60,882,$97.40,$97.60,$97.40
11/15/2021,$97.50,8970,$97.60,$97.70,$97.50
11/12/2021,$97.50,46,$97.50,$97.50,$97.50
11/11/2021,$97.20,23,$97.20,$97.20,$97.20
11/10/2021,$97.30,120,$97.458,$97.458,$97.30
11/09/2021,$97.70,219,$97.70,$97.70,$97.50
11/08/2021,$97.60,1566,$97.52,$97.80,$97.30
11/05/2021,$97.80,3079,$97.50,$97.80,$97.50
11/04/2021,$97.40,6449,$97.40,$97.80,$97.40
11/03/2021,$97.50,383,$97.80,$97.80,$97.50
11/02/2021,$97.70,1330,$97.52,$97.70,$97.50
11/01/2021,$97.70,977,$97.45,$97.70,$97.30
10/29/2021,$97.70,5164,$97.401,$97.70,$97.401
10/28/2021,$97.50,N/A,$97.50,$97.50,$97.50
10/27/2021,$97.50,151,$97.20,$97.50,$97.20
10/26/2021,$97.70,259,$97.55,$97.70,$97.55
10/25/2021,$97.70,3230,$97.50,$97.70,$97.35
10/22/2021,$97.20,20,$97.50,$97.50,$97.20
10/21/2021,$97.50,120,$97.20,$97.50,$97.20
10/20/2021,$97.50,N/A,$97.50,$97.50,$97.50
10/19/2021,$97.50,N/A,$97.50,$97.50,$97.50
10/18/2021,$97.50,225,$97.10,$97.50,$97.10
10/15/2021,$97.50,147,$97.201,$97.50,$97.201
10/14/2021,$97.40,20042,$97.40,$97.40,$97.40
10/13/2021,$97.50,172,$97.30,$97.50,$97.30
10/12/2021,$97.50,1526,$97.10,$97.60,$97.10
10/11/2021,$97.80,N/A,$97.80,$97.80,$97.80
10/08/2021,$97.80,N/A,$97.80,$97.80,$97.80
10/07/2021,$97.80,146,$97.60,$97.90,$97.60
10/06/2021,$97.80,N/A,$97.80,$97.80,$97.80
10/05/2021,$97.80,N/A,$97.80,$97.80,$97.80
10/04/2021,$97.80,346,$97.50,$97.90,$97.20
10/01/2021,$97.80,481,$97.70,$98.20,$97.50
09/30/2021,$97.70,1217,$97.00,$97.85,$97.00
09/29/2021,$97.40,1821,$97.10,$97.40,$97.10
09/28/2021,$97.10,N/A,$97.10,$97.10,$97.10
09/27/2021,$97.10,N/A,$97.10,$97.10,$97.10
09/24/2021,$97.10,298,$96.949,$97.10,$96.949
09/23/2021,$96.90,N/A,$96.90,$96.90,$96.90
09/22/2021,$96.90,65,$97.00,$97.00,$96.90
09/21/2021,$96.90,114,$96.70,$96.90,$96.70
09/20/2021,$96.70,28,$96.70,$96.70,$96.70
09/17/2021,$97.00,N/A,$97.00,$97.00,$97.00
09/16/2021,$97.00,30,$97.00,$97.00,$97.00
09/15/2021,$97.20,1195,$97.00,$97.20,$96.70
09/14/2021,$97.00,2098,$96.60,$97.00,$96.40
09/13/2021,$96.70,266,$96.60,$96.80,$96.50
09/10/2021,$96.80,456,$96.35,$96.90,$96.33
09/09/2021,$96.501,30,$96.501,$96.501,$96.501
09/08/2021,$96.90,N/A,$96.90,$96.90,$96.90
09/07/2021,$96.90,213,$97.40,$97.40,$96.30
09/03/2021,$96.80,2835,$96.70,$96.90,$96.497
09/02/2021,$96.70,N/A,$96.70,$96.70,$96.70
09/01/2021,$96.70,99,$96.80,$96.80,$96.45
08/31/2021,$96.40,557,$96.40,$96.80,$96.40
08/30/2021,$96.50,12,$96.50,$96.50,$96.50
08/27/2021,$96.70,N/A,$96.70,$96.70,$96.70
08/26/2021,$96.70,N/A,$96.70,$96.70,$96.70
08/25/2021,$96.70,N/A,$96.70,$96.70,$96.70
08/24/2021,$96.70,N/A,$96.70,$96.70,$96.70
08/23/2021,$96.70,134,$96.481,$96.70,$96.40
08/20/2021,$96.276,21,$96.276,$96.276,$96.276
08/19/2021,$96.80,660,$96.30,$96.80,$96.20
08/18/2021,$96.80,11416,$96.799,$96.80,$96.591
08/17/2021,$96.80,363,$96.40,$96.80,$96.40
08/16/2021,$96.70,282,$96.70,$96.70,$96.60
08/13/2021,$96.70,411,$96.701,$96.702,$96.70
08/12/2021,$96.80,25,$96.80,$96.80,$96.80
08/11/2021,$96.70,203,$96.60,$96.70,$96.60
08/10/2021,$96.70,116,$96.70,$96.70,$96.70
08/09/2021,$96.70,1345,$96.40,$96.90,$96.398
08/06/2021,$96.50,3952,$96.70,$96.768,$96.30
08/05/2021,$97.00,1939,$98.00,$98.00,$96.80
08/04/2021,$97.00,8383,$97.70,$100.00,$97.00
08/03/2021,$97.00,370,$97.25,$97.25,$97.00
08/02/2021,$97.00,214,$97.05,$97.30,$97.00
07/30/2021,$97.20,24,$97.199,$97.20,$97.199
07/29/2021,$97.10,586,$97.60,$97.60,$97.00
07/28/2021,$97.30,65,$97.30,$97.30,$97.30
